Name;Phone code;ISO Code/ISO Code 3;Population
Afghanistan;93;AF / AFG;29 121 286
Aland;358;AX / ALD;29 013
Albania;355;AL / ALB;2 986 952
Algeria;213;DZ / DZA;34 586 184
American Samoa;1-684;AS / ASM;57 881
Andorra;376;AD / AND;84 000
Angola;244;AO / AGO;13 068 161
Anguilla;1-264;AI / AIA;13 254
Antarctica;672;AQ / ATA;0
Antigua and Barbuda;1-268;AG / ATG;86 754
Argentina;54;AR / ARG;41 343 201
Armenia;374;AM / ARM;2 968 000
Aruba;297;AW / ABW;71 566
Australia;61;AU / AUS;21 515 754
Austria;43;AT / AUT;8 205 000
Azerbaijan;994;AZ / AZE;8 303 512
Bahamas;1-242;BS / BHS;301 790
Bahrain;973;BH / BHR;738 004
Bangladesh;880;BD / BGD;156 118 464
Barbados;1-246;BB / BRB;285 653
Belarus;375;BY / BLR;9 685 000
Belgium;32;BE / BEL;10 403 000
Belize;501;BZ / BLZ;314 522
Benin;229;BJ / BEN;9 056 010
Bermuda;1-441;BM / BMU;65 365
Bhutan;975;BT / BTN;699 847
Bolivia;591;BO / BOL;9 947 418
Bosnia and Herzegovina;387;BA / BIH;4 590 000
Botswana;267;BW / BWA;2 029 307
Brazil;55;BR / BRA;201 103 330
British Indian Ocean Territory;246;IO / IOT;4 000
British Virgin Islands;1-284;VG / VGB;21 730
Brunei;673;BN / BRN;395 027
Bulgaria;359;BG / BGR;7 148 785
Burkina Faso;226;BF / BFA;16 241 811
Burundi;257;BI / BDI;9 863 117
Cambodia;855;KH / KHM;14 453 680
Cameroon;237;CM / CMR;19 294 149
Canada;1;CA / CAN;33 679 000
Cape Verde;238;CV / CPV;508 659
Cayman Islands;1-345;KY / CYM;44 270
Central African Republic;236;CF / CAF;4 844 927
Chad;235;TD / TCD;10 543 464
Chile;56;CL / CHL;16 746 491
China;86;CN / CHN;1 330 044 000
Christmas Island;61;CX / CXR;1 500
Cocos Islands;61;CC / CCK;628
Colombia;57;CO / COL;47 790 000
Comoros;269;KM / COM;773 407
Cook Islands;682;CK / COK;21 388
Costa Rica;506;CR / CRI;4 516 220
Croatia;385;HR / HRV;4 491 000
Cuba;53;CU / CUB;11 423 000
Curacao;599;CW / CUW;141 766
Cyprus;357;CY / CYP;1 102 677
Czech Republic;420;CZ / CZE;10 476 000
Democratic Republic of the Congo;243;CD / COD;70 916 439
Denmark;45;DK / DNK;5 484 000
Djibouti;253;DJ / DJI;740 528
Dominica;1-767;DM / DMA;72 813
Dominican Republic;1-809, 1-829, 1-849;DO / DOM;9 823 821
East Timor;670;TL / TLS;1 154 625
Ecuador;593;EC / ECU;14 790 608
Egypt;20;EG / EGY;80 471 869
El Salvador;503;SV / SLV;6 052 064
Equatorial Guinea;240;GQ / GNQ;1 014 999
Eritrea;291;ER / ERI;5 792 984
Estonia;372;EE / EST;1 291 170
Ethiopia;251;ET / ETH;88 013 491
Falkland Islands;500;FK / FLK;2 638
Faroe Islands;298;FO / FRO;48 228
Fiji;679;FJ / FJI;875 983
Finland;358;FI / FIN;5 244 000
France;33;FR / FRA;64 768 389
French Polynesia;689;PF / PYF;270 485
Gabon;241;GA / GAB;1 545 255
Gambia;220;GM / GMB;1 593 256
Georgia;995;GE / GEO;4 630 000
Germany;49;DE / DEU;81 802 257
Ghana;233;GH / GHA;24 339 838
Gibraltar;350;GI / GIB;27 884
Greece;30;GR / GRC;11 000 000
Greenland;299;GL / GRL;56 375
Grenada;1-473;GD / GRD;107 818
Guam;1-671;GU / GUM;159 358
Guatemala;502;GT / GTM;13 550 440
Guernsey;44-1481;GG / GGY;65 228
Guinea;224;GN / GIN;10 324 025
Guinea-Bissau;245;GW / GNB;1 565 126
Guyana;592;GY / GUY;748 486
Haiti;509;HT / HTI;9 648 924
Honduras;504;HN / HND;7 989 415
Hong Kong;852;HK / HKG;6 898 686
Hungary;36;HU / HUN;9 982 000
Iceland;354;IS / ISL;308 910
India;91;IN / IND;1 173 108 018
Indonesia;62;ID / IDN;242 968 342
Iran;98;IR / IRN;76 923 300
Iraq;964;IQ / IRQ;29 671 605
Ireland;353;IE / IRL;4 622 917
Isle of Man;44-1624;IM / IMN;75 049
Israel;972;IL / ISR;7 353 985
Italy;39;IT / ITA;60 340 328
Ivory Coast;225;CI / CIV;21 058 798
Jamaica;1-876;JM / JAM;2 847 232
Japan;81;JP / JPN;127 288 000
Jersey;44-1534;JE / JEY;90 812
Jordan;962;JO / JOR;6 407 085
Kazakhstan;7;KZ / KAZ;15 340 000
Kenya;254;KE / KEN;40 046 566
Kiribati;686;KI / KIR;92 533
Kosovo;383;XK / XKX;1 800 000
Kuwait;965;KW / KWT;2 789 132
Kyrgyzstan;996;KG / KGZ;5 508 626
Laos;856;LA / LAO;6 368 162
Latvia;371;LV / LVA;2 217 969
Lebanon;961;LB / LBN;4 125 247
Lesotho;266;LS / LSO;1 919 552
Liberia;231;LR / LBR;3 685 076
Libya;218;LY / LBY;6 461 454
Liechtenstein;423;LI / LIE;35 000
Lithuania;370;LT / LTU;2 944 459
Luxembourg;352;LU / LUX;497 538
Macao;853;MO / MAC;449 198
Macedonia;389;MK / MKD;2 062 294
Madagascar;261;MG / MDG;21 281 844
Malawi;265;MW / MWI;15 447 500
Malaysia;60;MY / MYS;28 274 729
Maldives;960;MV / MDV;395 650
Mali;223;ML / MLI;13 796 354
Malta;356;MT / MLT;403 000
Marshall Islands;692;MH / MHL;65 859
Mauritania;222;MR / MRT;3 205 060
Mauritius;230;MU / MUS;1 294 104
Mayotte;262;YT / MYT;159 042
Mexico;52;MX / MEX;112 468 855
Micronesia;691;FM / FSM;107 708
Moldova;373;MD / MDA;4 324 000
Monaco;377;MC / MCO;32 965
Mongolia;976;MN / MNG;3 086 918
Montenegro;382;ME / MNE;666 730
Montserrat;1-664;MS / MSR;9 341
Morocco;212;MA / MAR;31 627 428
Mozambique;258;MZ / MOZ;22 061 451
Myanmar;95;MM / MMR;53 414 374
Namibia;264;NA / NAM;2 128 471
Nauru;674;NR / NRU;10 065
Nepal;977;NP / NPL;28 951 852
Netherlands;31;NL / NLD;16 645 000
Netherlands Antilles;599;AN / ANT;136 197
New Caledonia;687;NC / NCL;216 494
New Zealand;64;NZ / NZL;4 252 277
Nicaragua;505;NI / NIC;5 995 928
Niger;227;NE / NER;15 878 271
Nigeria;234;NG / NGA;154 000 000
Niue;683;NU / NIU;2 166
North Korea;850;KP / PRK;22 912 177
Northern Mariana Islands;1-670;MP / MNP;53 883
Norway;47;NO / NOR;5 009 150
Oman;968;OM / OMN;2 967 717
Pakistan;92;PK / PAK;184 404 791
Palau;680;PW / PLW;19 907
Palestine;970;PS / PSE;3 800 000
Panama;507;PA / PAN;3 410 676
Papua New Guinea;675;PG / PNG;6 064 515
Paraguay;595;PY / PRY;6 375 830
Peru;51;PE / PER;29 907 003
Philippines;63;PH / PHL;99 900 177
Pitcairn;64;PN / PCN;46
Poland;48;PL / POL;38 500 000
Portugal;351;PT / PRT;10 676 000
Puerto Rico;1-787, 1-939;PR / PRI;3 916 632
Qatar;974;QA / QAT;840 926
Republic of the Congo;242;CG / COG;3 039 126
Reunion;262;RE / REU;776 948
Romania;40;RO / ROU;21 959 278
Russia;7;RU / RUS;140 702 000
Rwanda;250;RW / RWA;11 055 976
Saint Barthelemy;590;BL / BLM;8 450
Saint Helena;290;SH / SHN;7 460
Saint Kitts and Nevis;1-869;KN / KNA;51 134
Saint Lucia;1-758;LC / LCA;160 922
Saint Martin;590;MF / MAF;35 925
Saint Pierre and Miquelon;508;PM / SPM;7 012
Saint Vincent and the Grenadines;1-784;VC / VCT;104 217
Samoa;685;WS / WSM;192 001
San Marino;378;SM / SMR;31 477
Sao Tome and Principe;239;ST / STP;175 808
Saudi Arabia;966;SA / SAU;25 731 776
Senegal;221;SN / SEN;12 323 252
Serbia;381;RS / SRB;7 344 847
Seychelles;248;SC / SYC;88 340
Sierra Leone;232;SL / SLE;5 245 695
Singapore;65;SG / SGP;4 701 069
Sint Maarten;1-721;SX / SXM;37 429
Slovakia;421;SK / SVK;5 455 000
Slovenia;386;SI / SVN;2 007 000
Solomon Islands;677;SB / SLB;559 198
Somalia;252;SO / SOM;10 112 453
South Africa;27;ZA / ZAF;49 000 000
South Korea;82;KR / KOR;48 422 644
South Sudan;211;SS / SSD;8 260 490
Spain;34;ES / ESP;46 505 963
Sri Lanka;94;LK / LKA;21 513 990
Sudan;249;SD / SDN;35 000 000
Suriname;597;SR / SUR;492 829
Svalbard and Jan Mayen;47;SJ / SJM;2 550
Swaziland;268;SZ / SWZ;1 354 051
Sweden;46;SE / SWE;9 555 893
Switzerland;41;CH / CHE;7 581 000
Syria;963;SY / SYR;22 198 110
Taiwan;886;TW / TWN;22 894 384
Tajikistan;992;TJ / TJK;7 487 489
Tanzania;255;TZ / TZA;41 892 895
Thailand;66;TH / THA;67 089 500
Togo;228;TG / TGO;6 587 239
Tokelau;690;TK / TKL;1 466
Tonga;676;TO / TON;122 580
Trinidad and Tobago;1-868;TT / TTO;1 228 691
Tunisia;216;TN / TUN;10 589 025
Turkey;90;TR / TUR;77 804 122
Turkmenistan;993;TM / TKM;4 940 916
Turks and Caicos Islands;1-649;TC / TCA;20 556
Tuvalu;688;TV / TUV;10 472
U.S. Virgin Islands;1-340;VI / VIR;108 708
Uganda;256;UG / UGA;33 398 682
Ukraine;380;UA / UKR;45 415 596
United Arab Emirates;971;AE / ARE;4 975 593
United Kingdom;44;GB / GBR;62 348 447
United States;1;US / USA;310 232 863
Uruguay;598;UY / URY;3 477 000
Uzbekistan;998;UZ / UZB;27 865 738
Vanuatu;678;VU / VUT;221 552
Vatican;379;VA / VAT;921
Venezuela;58;VE / VEN;27 223 228
Vietnam;84;VN / VNM;89 571 130
Wallis and Futuna;681;WF / WLF;16 025
Western Sahara;212;EH / ESH;273 008
Yemen;967;YE / YEM;23 495 361
Zambia;260;ZM / ZMB;13 460 305
Zimbabwe;263;ZW / ZWE;11 651 858
